2020-06-04T00:51:25.674+03:00[Europe/Moscow];show;
2020-06-04T00:51:20.502+03:00[Europe/Moscow];add;
2020-06-04T00:29:26.649+03:00[Europe/Moscow];show;
2020-06-04T00:29:00.787+03:00[Europe/Moscow];add;
2020-06-04T00:28:56.778+03:00[Europe/Moscow];show;
2020-06-04T00:28:52.972+03:00[Europe/Moscow];clear;
2020-06-04T00:28:43.334+03:00[Europe/Moscow];show;
2020-06-04T00:28:10.150+03:00[Europe/Moscow];add;
2020-06-04T00:25:38.470+03:00[Europe/Moscow];add;
2020-06-04T00:25:35.523+03:00[Europe/Moscow];clear;
2020-06-04T00:25:07.422+03:00[Europe/Moscow];show;
2020-06-04T00:24:25.313+03:00[Europe/Moscow];add;
